company,peer_company,similarity_score,symbol,sector
ABB,TORNTPHARM,0.9909923809424879,ABB,
ABB,NTPC,0.988667492044377,ABB,
ABB,TECHM,0.9858624724399994,ABB,
ABB,AMBUJACEM,0.9850982098285263,ABB,
ABB,ASIANPAINT,0.9827535987539846,ABB,
ADANIENSOL,ADANIENT,0.9694258675897358,ADANIENSOL,
ADANIENSOL,TATAMOTORS,0.9597495800735504,ADANIENSOL,
ADANIENSOL,TATACONSUM,0.949714317440007,ADANIENSOL,
ADANIENSOL,IOC,0.9464562767022473,ADANIENSOL,
ADANIENSOL,LODHA,0.9457374139098427,ADANIENSOL,
ADANIENT,TATAMOTORS,0.9708202677445177,ADANIENT,
ADANIENT,ADANIENSOL,0.9694258675897358,ADANIENT,
ADANIENT,IOC,0.9644229414446155,ADANIENT,
ADANIENT,VBL,0.9414223255083694,ADANIENT,
ADANIENT,RELIANCE,0.9385520029013913,ADANIENT,
ADANIGREEN,ADANIPOWER,0.991231866305951,ADANIGREEN,
ADANIGREEN,PNB,0.9626120475510106,ADANIGREEN,
ADANIGREEN,INDUSINDBK,0.9516130603457444,ADANIGREEN,
ADANIGREEN,BAJAJFINSV,0.8705906938178014,ADANIGREEN,
ADANIGREEN,TATASTEEL,0.8354910483396915,ADANIGREEN,
ADANIPORTS,NAUKRI,0.9777425068160178,ADANIPORTS,
ADANIPORTS,ATGL,0.8822923802887764,ADANIPORTS,
ADANIPORTS,TATACONSUM,0.8446248259843986,ADANIPORTS,
ADANIPORTS,WIPRO,0.8385003412881339,ADANIPORTS,
ADANIPORTS,DMART,0.7908833417470946,ADANIPORTS,
ADANIPOWER,ADANIGREEN,0.991231866305951,ADANIPOWER,
ADANIPOWER,INDUSINDBK,0.9785707492955648,ADANIPOWER,
ADANIPOWER,PNB,0.9768825170764115,ADANIPOWER,
ADANIPOWER,UNIONBANK,0.8574294941686422,ADANIPOWER,
ADANIPOWER,BAJAJFINSV,0.8119114822488118,ADANIPOWER,
AMBUJACEM,TECHM,0.9979624961637243,AMBUJACEM,
AMBUJACEM,LTIM,0.9968482913186649,AMBUJACEM,
AMBUJACEM,DABUR,0.9966469449462267,AMBUJACEM,
AMBUJACEM,ASIANPAINT,0.9965826584043995,AMBUJACEM,
AMBUJACEM,HCLTECH,0.9942799459061809,AMBUJACEM,
APOLLOHOSP,MOTHERSON,0.9699628622257104,APOLLOHOSP,
APOLLOHOSP,ICICIPRULI,0.7922215211882296,APOLLOHOSP,
APOLLOHOSP,MARUTI,0.7871906846209777,APOLLOHOSP,
APOLLOHOSP,ONGC,0.779950720918589,APOLLOHOSP,
APOLLOHOSP,HAVELLS,0.7571240502593676,APOLLOHOSP,
ASIANPAINT,TECHM,0.9995779172283343,ASIANPAINT,
ASIANPAINT,DABUR,0.9972273268670916,ASIANPAINT,
ASIANPAINT,BAJAJ-AUTO,0.9971851037439313,ASIANPAINT,
ASIANPAINT,LTIM,0.9970047604892701,ASIANPAINT,
ASIANPAINT,AMBUJACEM,0.9965826584043995,ASIANPAINT,
ATGL,DMART,0.9852966515632716,ATGL,
ATGL,TATACONSUM,0.980026565379736,ATGL,
ATGL,GRASIM,0.9779596062193511,ATGL,
ATGL,RELIANCE,0.9756819460138973,ATGL,
ATGL,WIPRO,0.9705031013886916,ATGL,
AXISBANK,CHOLAFIN,0.975759736304758,AXISBANK,
AXISBANK,SHRIRAMFIN,0.9519052634428713,AXISBANK,
AXISBANK,IRFC,0.8511096536931302,AXISBANK,
AXISBANK,PFC,0.8039488911885354,AXISBANK,
AXISBANK,ADANIPOWER,0.7910719497377474,AXISBANK,
BAJAJ-AUTO,INFY,0.9987924692973542,BAJAJ-AUTO,
BAJAJ-AUTO,TCS,0.9979140447459875,BAJAJ-AUTO,
BAJAJ-AUTO,ASIANPAINT,0.9971851037439313,BAJAJ-AUTO,
BAJAJ-AUTO,DABUR,0.9963679901855964,BAJAJ-AUTO,
BAJAJ-AUTO,LTIM,0.9956293832403275,BAJAJ-AUTO,
BAJAJFINSV,JINDALSTEL,0.9430240417291287,BAJAJFINSV,
BAJAJFINSV,TATASTEEL,0.9165606528230087,BAJAJFINSV,
BAJAJFINSV,SHRIRAMFIN,0.9032168636436134,BAJAJFINSV,
BAJAJFINSV,UNITDSPR,0.8977099661426566,BAJAJFINSV,
BAJAJFINSV,TATACONSUM,0.8921856550733557,BAJAJFINSV,
BAJAJHLDNG,NAUKRI,0.5460426229803537,BAJAJHLDNG,
BAJAJHLDNG,ADANIPORTS,0.47712746748294355,BAJAJHLDNG,
BAJAJHLDNG,DIVISLAB,0.30083380119478903,BAJAJHLDNG,
BAJAJHLDNG,JIOFIN,0.2756336160322554,BAJAJHLDNG,
BAJAJHLDNG,POWERGRID,0.2563198992743411,BAJAJHLDNG,
BAJFINANCE,HINDALCO,0.8999294267428108,BAJFINANCE,
BAJFINANCE,HDFCBANK,0.8417348503849471,BAJFINANCE,
BAJFINANCE,CIPLA,0.8185437294269163,BAJFINANCE,
BAJFINANCE,CHOLAFIN,0.6963801950503666,BAJFINANCE,
BAJFINANCE,COALINDIA,0.6815110051562253,BAJFINANCE,
BANKBARODA,CANBK,0.8956359877890695,BANKBARODA,
BANKBARODA,UNIONBANK,0.8486356284225491,BANKBARODA,
BANKBARODA,LICI,0.8151312614978344,BANKBARODA,
BANKBARODA,PNB,0.803664001543334,BANKBARODA,
BANKBARODA,INDUSINDBK,0.7526269524656322,BANKBARODA,
BEL,LTIM,0.9884001612895568,BEL,
BEL,DABUR,0.9875336950729605,BEL,
BEL,ASIANPAINT,0.9857821582333381,BEL,
BEL,BAJAJ-AUTO,0.9850583866557036,BEL,
BEL,HCLTECH,0.9844347112792583,BEL,
BHARTIARTL,BPCL,0.9481472737382771,BHARTIARTL,
BHARTIARTL,ABB,0.9352768525022641,BHARTIARTL,
BHARTIARTL,NTPC,0.9249350391218794,BHARTIARTL,
BHARTIARTL,TORNTPHARM,0.9114129814547142,BHARTIARTL,
BHARTIARTL,ONGC,0.9089003099274793,BHARTIARTL,
BHEL,LT,0.9524606230889479,BHEL,
BHEL,HAVELLS,0.9273654051215507,BHEL,
BHEL,GAIL,0.9196610317307268,BHEL,
BHEL,BOSCHLTD,0.910285494123023,BHEL,
BHEL,PIDILITIND,0.9007283335126905,BHEL,
BOSCHLTD,GAIL,0.9914953548716992,BOSCHLTD,
BOSCHLTD,PIDILITIND,0.9875133222031942,BOSCHLTD,
BOSCHLTD,AMBUJACEM,0.9825438225614567,BOSCHLTD,
BOSCHLTD,HAVELLS,0.9813311997488845,BOSCHLTD,
BOSCHLTD,HCLTECH,0.9798302217533592,BOSCHLTD,
BPCL,M&M,0.9833152497711497,BPCL,
BPCL,TORNTPHARM,0.9812305669053345,BPCL,
BPCL,BRITANNIA,0.9804404201079197,BPCL,
BPCL,NTPC,0.9792913335247444,BPCL,
BPCL,TECHM,0.977981187734481,BPCL,
BRITANNIA,NESTLEIND,0.9973672722563061,BRITANNIA,
BRITANNIA,TORNTPHARM,0.9964993641322805,BRITANNIA,
BRITANNIA,VEDL,0.9933259427464636,BRITANNIA,
BRITANNIA,ASIANPAINT,0.9910584290492374,BRITANNIA,
BRITANNIA,TECHM,0.9901648164944684,BRITANNIA,
CANBK,BANKBARODA,0.8956359877890695,CANBK,
CANBK,KOTAKBANK,0.8218589944527359,CANBK,
CANBK,ICICIBANK,0.8149147085788374,CANBK,
CANBK,UNIONBANK,0.6625382210774536,CANBK,
CANBK,PNB,0.6256204770625323,CANBK,
CHOLAFIN,AXISBANK,0.975759736304758,CHOLAFIN,
CHOLAFIN,SHRIRAMFIN,0.9096836633118235,CHOLAFIN,
CHOLAFIN,BAJAJFINSV,0.7919839378875445,CHOLAFIN,
CHOLAFIN,IRFC,0.7869970935551823,CHOLAFIN,
CHOLAFIN,ADANIGREEN,0.7560989804347265,CHOLAFIN,
CIPLA,HINDALCO,0.9317250704532694,CIPLA,
CIPLA,BAJFINANCE,0.8185437294269163,CIPLA,
CIPLA,ICICIGI,0.8139390684841346,CIPLA,
CIPLA,COALINDIA,0.562343879157896,CIPLA,
CIPLA,HDFCBANK,0.5308198992040953,CIPLA,
COALINDIA,HINDUNILVR,0.8709273001751083,COALINDIA,
COALINDIA,INDIGO,0.8576887443381073,COALINDIA,
COALINDIA,HEROMOTOCO,0.816795300806907,COALINDIA,
COALINDIA,HINDALCO,0.7444948170761033,COALINDIA,
COALINDIA,BAJFINANCE,0.6815110051562253,COALINDIA,
DABUR,LTIM,0.9998944540177435,DABUR,
DABUR,HCLTECH,0.9989720043236727,DABUR,
DABUR,ASIANPAINT,0.9972273268670916,DABUR,
DABUR,AMBUJACEM,0.9966469449462267,DABUR,
DABUR,TECHM,0.9964554180169758,DABUR,
DIVISLAB,HAL,0.9374094791610272,DIVISLAB,
DIVISLAB,PIDILITIND,0.877278605939121,DIVISLAB,
DIVISLAB,DLF,0.8574751147001796,DIVISLAB,
DIVISLAB,IRCTC,0.8564941124550156,DIVISLAB,
DIVISLAB,HCLTECH,0.8400605535370989,DIVISLAB,
DLF,IRCTC,0.9863759294697274,DLF,
DLF,HCLTECH,0.9809949734394509,DLF,
DLF,ABB,0.9798710150903315,DLF,
DLF,INFY,0.9779410851824508,DLF,
DLF,DABUR,0.9760108722036497,DLF,
DMART,GRASIM,0.9946254750054837,DMART,
DMART,TRENT,0.992915573962839,DMART,
DMART,IOC,0.9925748285857413,DMART,
DMART,RELIANCE,0.9919861158382437,DMART,
DMART,UNITDSPR,0.9875106494954439,DMART,
DRREDDY,ZYDUSLIFE,0.9901729538411226,DRREDDY,
DRREDDY,SHREECEM,0.9872332276900967,DRREDDY,
DRREDDY,ULTRACEMCO,0.9540446283213999,DRREDDY,
DRREDDY,WIPRO,0.9537348170166556,DRREDDY,
DRREDDY,VBL,0.9100387523194484,DRREDDY,
EICHERMOT,GODREJCP,0.9216724381973581,EICHERMOT,
EICHERMOT,ZYDUSLIFE,0.8939192046119082,EICHERMOT,
EICHERMOT,SUNPHARMA,0.8935505607301331,EICHERMOT,
EICHERMOT,DRREDDY,0.8850063504886765,EICHERMOT,
EICHERMOT,SIEMENS,0.8636507792181144,EICHERMOT,
GAIL,HAVELLS,0.9950227620685574,GAIL,
GAIL,BOSCHLTD,0.9914953548716992,GAIL,
GAIL,ICICIPRULI,0.9844289393021743,GAIL,
GAIL,PIDILITIND,0.9806892417911841,GAIL,
GAIL,ONGC,0.9779559200633945,GAIL,
GODREJCP,SIEMENS,0.968584988342982,GODREJCP,
GODREJCP,EICHERMOT,0.9216724381973581,GODREJCP,
GODREJCP,MARUTI,0.9133869077015285,GODREJCP,
GODREJCP,SUNPHARMA,0.8599751810713633,GODREJCP,
GODREJCP,DRREDDY,0.8319749173494949,GODREJCP,
GRASIM,TRENT,0.9970624785096873,GRASIM,
GRASIM,DMART,0.9946254750054837,GRASIM,
GRASIM,RELIANCE,0.9911849489491273,GRASIM,
GRASIM,VBL,0.9880511591948086,GRASIM,
GRASIM,UNITDSPR,0.9829534036145173,GRASIM,
HAL,PIDILITIND,0.9766797959667497,HAL,
HAL,BOSCHLTD,0.9379579976642318,HAL,
HAL,DIVISLAB,0.9374094791610272,HAL,
HAL,HAVELLS,0.9337465512386672,HAL,
HAL,GAIL,0.917444611091738,HAL,
HAVELLS,GAIL,0.9950227620685574,HAVELLS,
HAVELLS,PIDILITIND,0.9846252949341027,HAVELLS,
HAVELLS,BOSCHLTD,0.9813311997488845,HAVELLS,
HAVELLS,ICICIPRULI,0.9767771353557633,HAVELLS,
HAVELLS,ONGC,0.9622462804436689,HAVELLS,
HCLTECH,DABUR,0.9989720043236727,HCLTECH,
HCLTECH,LTIM,0.998887869584006,HCLTECH,
HCLTECH,IRCTC,0.9947158580168614,HCLTECH,
HCLTECH,AMBUJACEM,0.9942799459061809,HCLTECH,
HCLTECH,BAJAJ-AUTO,0.993126007975623,HCLTECH,
HDFCBANK,BAJFINANCE,0.8417348503849471,HDFCBANK,
HDFCBANK,CHOLAFIN,0.7481485693394003,HDFCBANK,
HDFCBANK,HINDALCO,0.7305183447579772,HDFCBANK,
HDFCBANK,INDUSINDBK,0.6670717158364534,HDFCBANK,
HDFCBANK,AXISBANK,0.6562789729269838,HDFCBANK,
HDFCLIFE,SBILIFE,0.9455730323947765,HDFCLIFE,
HDFCLIFE,JSWENERGY,0.9175234740800389,HDFCLIFE,
HDFCLIFE,TATAPOWER,0.8001764849196181,HDFCLIFE,
HDFCLIFE,ICICIGI,0.7163099795981017,HDFCLIFE,
HDFCLIFE,JIOFIN,0.7123295869733346,HDFCLIFE,
HEROMOTOCO,HINDUNILVR,0.9901846503212173,HEROMOTOCO,
HEROMOTOCO,NESTLEIND,0.8432842003590708,HEROMOTOCO,
HEROMOTOCO,VEDL,0.8383699528056736,HEROMOTOCO,
HEROMOTOCO,BRITANNIA,0.8382912652139629,HEROMOTOCO,
HEROMOTOCO,ITC,0.8334065377326243,HEROMOTOCO,
HINDALCO,CIPLA,0.9317250704532694,HINDALCO,
HINDALCO,BAJFINANCE,0.8999294267428108,HINDALCO,
HINDALCO,COALINDIA,0.7444948170761033,HINDALCO,
HINDALCO,HDFCBANK,0.7305183447579772,HINDALCO,
HINDALCO,ICICIGI,0.5627855697424511,HINDALCO,
HINDUNILVR,HEROMOTOCO,0.9901846503212173,HINDUNILVR,
HINDUNILVR,COALINDIA,0.8709273001751083,HINDUNILVR,
HINDUNILVR,INDIGO,0.8275147270000479,HINDUNILVR,
HINDUNILVR,NESTLEIND,0.7926706634873196,HINDUNILVR,
HINDUNILVR,VEDL,0.7921413186384397,HINDUNILVR,
ICICIBANK,KOTAKBANK,0.8344074159526105,ICICIBANK,
ICICIBANK,CANBK,0.8149147085788374,ICICIBANK,
ICICIBANK,BANKBARODA,0.48575784581277404,ICICIBANK,
ICICIBANK,TVSMOTOR,0.22578329739525774,ICICIBANK,
ICICIBANK,JSWSTEEL,0.19022825960643946,ICICIBANK,
ICICIGI,SHREECEM,0.8531310186947956,ICICIGI,
ICICIGI,DRREDDY,0.8527631516221124,ICICIGI,
ICICIGI,ULTRACEMCO,0.8251929975160596,ICICIGI,
ICICIGI,ZYDUSLIFE,0.8187118759043026,ICICIGI,
ICICIGI,CIPLA,0.8139390684841346,ICICIGI,
ICICIPRULI,ONGC,0.985013792432918,ICICIPRULI,
ICICIPRULI,GAIL,0.9844289393021743,ICICIPRULI,
ICICIPRULI,HAVELLS,0.9767771353557633,ICICIPRULI,
ICICIPRULI,NTPC,0.9635618346318582,ICICIPRULI,
ICICIPRULI,BOSCHLTD,0.9632486560168192,ICICIPRULI,
INDIGO,COALINDIA,0.8576887443381073,INDIGO,
INDIGO,HINDUNILVR,0.8275147270000479,INDIGO,
INDIGO,HEROMOTOCO,0.8215394392091291,INDIGO,
INDIGO,BAJFINANCE,0.6149031898802673,INDIGO,
INDIGO,BHEL,0.5779568198239193,INDIGO,
INDUSINDBK,ADANIPOWER,0.9785707492955648,INDUSINDBK,
INDUSINDBK,ADANIGREEN,0.9516130603457444,INDUSINDBK,
INDUSINDBK,PNB,0.9504623917365453,INDUSINDBK,
INDUSINDBK,UNIONBANK,0.8995714046061105,INDUSINDBK,
INDUSINDBK,AXISBANK,0.7776170729702493,INDUSINDBK,
INFY,TCS,0.999746159305788,INFY,
INFY,BAJAJ-AUTO,0.9987924692973542,INFY,
INFY,IRCTC,0.9952750966284492,INFY,
INFY,DABUR,0.9932421008163508,INFY,
INFY,ASIANPAINT,0.9927226027169159,INFY,
IOC,TATAMOTORS,0.9964357053799602,IOC,
IOC,DMART,0.9925748285857413,IOC,
IOC,RELIANCE,0.9912415621778081,IOC,
IOC,VBL,0.9901394257351381,IOC,
IOC,TRENT,0.9877086245062614,IOC,
IRCTC,INFY,0.9952750966284492,IRCTC,
IRCTC,HCLTECH,0.9947158580168614,IRCTC,
IRCTC,TCS,0.9946065055350765,IRCTC,
IRCTC,BAJAJ-AUTO,0.9928835629794708,IRCTC,
IRCTC,DABUR,0.992758838149344,IRCTC,
IRFC,RECLTD,0.9081669414170447,IRFC,
IRFC,PFC,0.8711550430124442,IRFC,
IRFC,AXISBANK,0.8511096536931302,IRFC,
IRFC,SBIN,0.8424435975571258,IRFC,
IRFC,SHRIRAMFIN,0.7977454380089545,IRFC,
ITC,NESTLEIND,0.9942876155035181,ITC,
ITC,TCS,0.9909752764913468,ITC,
ITC,VEDL,0.989626120182847,ITC,
ITC,INFY,0.9892527542896173,ITC,
ITC,BRITANNIA,0.9878293867046148,ITC,
JINDALSTEL,UNITDSPR,0.9773817117294303,JINDALSTEL,
JINDALSTEL,TATASTEEL,0.9690323721470239,JINDALSTEL,
JINDALSTEL,GRASIM,0.9658748824512879,JINDALSTEL,
JINDALSTEL,TRENT,0.9548206976274245,JINDALSTEL,
JINDALSTEL,DMART,0.9547452016190534,JINDALSTEL,
JIOFIN,TATAPOWER,0.9361181910826151,JIOFIN,
JIOFIN,JSWENERGY,0.8689558663515188,JIOFIN,
JIOFIN,SBILIFE,0.8315685226463156,JIOFIN,
JIOFIN,LODHA,0.7313612192357046,JIOFIN,
JIOFIN,HDFCLIFE,0.7123295869733346,JIOFIN,
JSWENERGY,SBILIFE,0.9486197733709799,JSWENERGY,
JSWENERGY,TATAPOWER,0.9397505681729607,JSWENERGY,
JSWENERGY,HDFCLIFE,0.9175234740800389,JSWENERGY,
JSWENERGY,JIOFIN,0.8689558663515188,JSWENERGY,
JSWENERGY,APOLLOHOSP,0.6953523773319995,JSWENERGY,
JSWSTEEL,ZOMATO,0.9628074306369384,JSWSTEEL,
JSWSTEEL,VBL,0.954714301040495,JSWSTEEL,
JSWSTEEL,ULTRACEMCO,0.9484030918660491,JSWSTEEL,
JSWSTEEL,RELIANCE,0.9389404660191177,JSWSTEEL,
JSWSTEEL,TRENT,0.9377241842867309,JSWSTEEL,
KOTAKBANK,ICICIBANK,0.8344074159526105,KOTAKBANK,
KOTAKBANK,CANBK,0.8218589944527359,KOTAKBANK,
KOTAKBANK,BANKBARODA,0.6257937747349889,KOTAKBANK,
KOTAKBANK,ADANIENSOL,0.6047876010757296,KOTAKBANK,
KOTAKBANK,TATASTEEL,0.5949084926345245,KOTAKBANK,
LICI,UNIONBANK,0.9324269743785156,LICI,
LICI,BANKBARODA,0.8151312614978344,LICI,
LICI,INDUSINDBK,0.7161069280019478,LICI,
LICI,PFC,0.7017496320493292,LICI,
LICI,PNB,0.6569727125077309,LICI,
LODHA,ADANIENSOL,0.9457374139098427,LODHA,
LODHA,ADANIENT,0.9364809903610002,LODHA,
LODHA,SBILIFE,0.8628256508655696,LODHA,
LODHA,TATAMOTORS,0.8494407135095708,LODHA,
LODHA,IOC,0.8304627829507293,LODHA,
LT,TITAN,0.9724759083585939,LT,
LT,BHEL,0.9524606230889479,LT,
LT,HAVELLS,0.9325522724462927,LT,
LT,PIDILITIND,0.913486332508706,LT,
LT,HAL,0.910201858943945,LT,
LTIM,DABUR,0.9998944540177435,LTIM,
LTIM,HCLTECH,0.998887869584006,LTIM,
LTIM,ASIANPAINT,0.9970047604892701,LTIM,
LTIM,AMBUJACEM,0.9968482913186649,LTIM,
LTIM,TECHM,0.9962284873729252,LTIM,
M&M,BPCL,0.9833152497711497,M&M,
M&M,NTPC,0.9703691143565005,M&M,
M&M,AMBUJACEM,0.9626240463440652,M&M,
M&M,TECHM,0.9609555469398413,M&M,
M&M,GAIL,0.9591999643893,M&M,
MARUTI,SIEMENS,0.9696598347810199,MARUTI,
MARUTI,TITAN,0.9551308358732199,MARUTI,
MARUTI,GODREJCP,0.9133869077015285,MARUTI,
MARUTI,SUNPHARMA,0.9022044349618181,MARUTI,
MARUTI,LT,0.8926892594432791,MARUTI,
MOTHERSON,APOLLOHOSP,0.9699628622257104,MOTHERSON,
MOTHERSON,ICICIPRULI,0.8505727320484777,MOTHERSON,
MOTHERSON,TITAN,0.8483859670070122,MOTHERSON,
MOTHERSON,HAVELLS,0.8325188990201857,MOTHERSON,
MOTHERSON,MARUTI,0.8308840083800959,MOTHERSON,
NAUKRI,ADANIPORTS,0.9777425068160178,NAUKRI,
NAUKRI,ATGL,0.8312562552662807,NAUKRI,
NAUKRI,TATACONSUM,0.8157310351512355,NAUKRI,
NAUKRI,BAJAJFINSV,0.7793696648591083,NAUKRI,
NAUKRI,TATASTEEL,0.762141053065395,NAUKRI,
NESTLEIND,VEDL,0.9977687988371539,NESTLEIND,
NESTLEIND,BRITANNIA,0.9973672722563061,NESTLEIND,
NESTLEIND,ITC,0.9942876155035181,NESTLEIND,
NESTLEIND,TORNTPHARM,0.992673895883092,NESTLEIND,
NESTLEIND,TCS,0.9845079582151054,NESTLEIND,
NHPC,POWERGRID,0.9797408273855885,NHPC,
NHPC,ITC,0.9745409265593218,NHPC,
NHPC,TCS,0.967731603372549,NHPC,
NHPC,DLF,0.9646148837642069,NHPC,
NHPC,INFY,0.9644164586455239,NHPC,
NTPC,ONGC,0.9904318925031321,NTPC,
NTPC,ABB,0.988667492044377,NTPC,
NTPC,AMBUJACEM,0.9872761053482848,NTPC,
NTPC,TECHM,0.9818349357710859,NTPC,
NTPC,BPCL,0.9792913335247444,NTPC,
ONGC,NTPC,0.9904318925031321,ONGC,
ONGC,ICICIPRULI,0.985013792432918,ONGC,
ONGC,GAIL,0.9779559200633945,ONGC,
ONGC,AMBUJACEM,0.9688002355321387,ONGC,
ONGC,ABB,0.9681446509903964,ONGC,
PFC,RECLTD,0.9288954473493983,PFC,
PFC,IRFC,0.8711550430124442,PFC,
PFC,AXISBANK,0.8039488911885354,PFC,
PFC,UNIONBANK,0.7304871716449276,PFC,
PFC,LICI,0.7017496320493292,PFC,
PIDILITIND,BOSCHLTD,0.9875133222031942,PIDILITIND,
PIDILITIND,HAVELLS,0.9846252949341027,PIDILITIND,
PIDILITIND,GAIL,0.9806892417911841,PIDILITIND,
PIDILITIND,HAL,0.9766797959667497,PIDILITIND,
PIDILITIND,HCLTECH,0.9494492052613144,PIDILITIND,
PNB,ADANIPOWER,0.9768825170764115,PNB,
PNB,ADANIGREEN,0.9626120475510106,PNB,
PNB,INDUSINDBK,0.9504623917365453,PNB,
PNB,UNIONBANK,0.8675421915036741,PNB,
PNB,BANKBARODA,0.803664001543334,PNB,
POWERGRID,NHPC,0.9797408273855885,POWERGRID,
POWERGRID,ITC,0.9489010435433304,POWERGRID,
POWERGRID,DLF,0.9383181687985109,POWERGRID,
POWERGRID,NESTLEIND,0.9253735384105835,POWERGRID,
POWERGRID,TCS,0.9236792362667449,POWERGRID,
RECLTD,PFC,0.9288954473493983,RECLTD,
RECLTD,IRFC,0.9081669414170447,RECLTD,
RECLTD,SBIN,0.786295799464002,RECLTD,
RECLTD,AXISBANK,0.6578394272588082,RECLTD,
RECLTD,CHOLAFIN,0.5608819219734833,RECLTD,
RELIANCE,VBL,0.9985839360311135,RELIANCE,
RELIANCE,TRENT,0.9939730691740879,RELIANCE,
RELIANCE,DMART,0.9919861158382437,RELIANCE,
RELIANCE,IOC,0.9912415621778081,RELIANCE,
RELIANCE,GRASIM,0.9911849489491273,RELIANCE,
SBILIFE,JSWENERGY,0.9486197733709799,SBILIFE,
SBILIFE,HDFCLIFE,0.9455730323947765,SBILIFE,
SBILIFE,TATAPOWER,0.8754728093342113,SBILIFE,
SBILIFE,LODHA,0.8628256508655696,SBILIFE,
SBILIFE,JIOFIN,0.8315685226463156,SBILIFE,
SBIN,IRFC,0.8424435975571258,SBIN,
SBIN,RECLTD,0.786295799464002,SBIN,
SBIN,BHEL,0.5730069237336797,SBIN,
SBIN,PFC,0.5590741599170571,SBIN,
SBIN,INDIGO,0.5465981391523635,SBIN,
SHREECEM,DRREDDY,0.9872332276900967,SHREECEM,
SHREECEM,ULTRACEMCO,0.9845768119955958,SHREECEM,
SHREECEM,ZYDUSLIFE,0.9723072542794493,SHREECEM,
SHREECEM,WIPRO,0.97230260174337,SHREECEM,
SHREECEM,VBL,0.9516043997683921,SHREECEM,
SHRIRAMFIN,AXISBANK,0.9519052634428713,SHRIRAMFIN,
SHRIRAMFIN,CHOLAFIN,0.9096836633118235,SHRIRAMFIN,
SHRIRAMFIN,BAJAJFINSV,0.9032168636436134,SHRIRAMFIN,
SHRIRAMFIN,ADANIGREEN,0.8109189411418043,SHRIRAMFIN,
SHRIRAMFIN,IRFC,0.7977454380089545,SHRIRAMFIN,
SIEMENS,MARUTI,0.9696598347810199,SIEMENS,
SIEMENS,GODREJCP,0.968584988342982,SIEMENS,
SIEMENS,TITAN,0.9272180119459104,SIEMENS,
SIEMENS,SUNPHARMA,0.9153771366552559,SIEMENS,
SIEMENS,LT,0.8785457749522434,SIEMENS,
SUNPHARMA,SIEMENS,0.9153771366552559,SUNPHARMA,
SUNPHARMA,MARUTI,0.9022044349618181,SUNPHARMA,
SUNPHARMA,EICHERMOT,0.8935505607301331,SUNPHARMA,
SUNPHARMA,GODREJCP,0.8599751810713633,SUNPHARMA,
SUNPHARMA,HAL,0.8398500854758287,SUNPHARMA,
TATACONSUM,TATASTEEL,0.9919854471873559,TATACONSUM,
TATACONSUM,ATGL,0.980026565379736,TATACONSUM,
TATACONSUM,DMART,0.9789537914789425,TATACONSUM,
TATACONSUM,UNITDSPR,0.9746416883734761,TATACONSUM,
TATACONSUM,IOC,0.9670544336169918,TATACONSUM,
TATAMOTORS,IOC,0.9964357053799602,TATAMOTORS,
TATAMOTORS,DMART,0.9838037133884343,TATAMOTORS,
TATAMOTORS,UNITDSPR,0.9794835413342216,TATAMOTORS,
TATAMOTORS,RELIANCE,0.9768726805219063,TATAMOTORS,
TATAMOTORS,VBL,0.9763802752621764,TATAMOTORS,
TATAPOWER,JSWENERGY,0.9397505681729607,TATAPOWER,
TATAPOWER,JIOFIN,0.9361181910826151,TATAPOWER,
TATAPOWER,SBILIFE,0.8754728093342113,TATAPOWER,
TATAPOWER,HDFCLIFE,0.8001764849196181,TATAPOWER,
TATAPOWER,LODHA,0.7066599773648093,TATAPOWER,
TATASTEEL,UNITDSPR,0.9937189226085601,TATASTEEL,
TATASTEEL,TATACONSUM,0.9919854471873559,TATASTEEL,
TATASTEEL,DMART,0.9843749488056323,TATASTEEL,
TATASTEEL,GRASIM,0.9724976912390991,TATASTEEL,
TATASTEEL,TATAMOTORS,0.9724906466295183,TATASTEEL,
TCS,INFY,0.999746159305788,TCS,
TCS,BAJAJ-AUTO,0.9979140447459875,TCS,
TCS,IRCTC,0.9946065055350765,TCS,
TCS,ITC,0.9909752764913468,TCS,
TCS,DABUR,0.9907770076481397,TCS,
TECHM,ASIANPAINT,0.9995779172283343,TECHM,
TECHM,AMBUJACEM,0.9979624961637243,TECHM,
TECHM,DABUR,0.9964554180169758,TECHM,
TECHM,LTIM,0.9962284873729252,TECHM,
TECHM,BAJAJ-AUTO,0.9949767767769007,TECHM,
TITAN,LT,0.9724759083585939,TITAN,
TITAN,MARUTI,0.9551308358732199,TITAN,
TITAN,SIEMENS,0.9272180119459104,TITAN,
TITAN,BHEL,0.8807265745059975,TITAN,
TITAN,HAVELLS,0.8697666982957484,TITAN,
TORNTPHARM,BRITANNIA,0.9964993641322805,TORNTPHARM,
TORNTPHARM,TECHM,0.9946344815234691,TORNTPHARM,
TORNTPHARM,ASIANPAINT,0.9944174715457608,TORNTPHARM,
TORNTPHARM,BAJAJ-AUTO,0.9931484526442678,TORNTPHARM,
TORNTPHARM,NESTLEIND,0.992673895883092,TORNTPHARM,
TRENT,GRASIM,0.9970624785096873,TRENT,
TRENT,VBL,0.9944540516319096,TRENT,
TRENT,RELIANCE,0.9939730691740879,TRENT,
TRENT,DMART,0.992915573962839,TRENT,
TRENT,IOC,0.9877086245062614,TRENT,
TVSMOTOR,TITAN,0.7703665568533042,TVSMOTOR,
TVSMOTOR,LT,0.6739165426213747,TVSMOTOR,
TVSMOTOR,MARUTI,0.656271564982284,TVSMOTOR,
TVSMOTOR,BHEL,0.6546368411817532,TVSMOTOR,
TVSMOTOR,SIEMENS,0.650909572333611,TVSMOTOR,
ULTRACEMCO,VBL,0.9905096185253954,ULTRACEMCO,
ULTRACEMCO,RELIANCE,0.9894454459213331,ULTRACEMCO,
ULTRACEMCO,SHREECEM,0.9845768119955958,ULTRACEMCO,
ULTRACEMCO,WIPRO,0.9800647110728375,ULTRACEMCO,
ULTRACEMCO,TRENT,0.97591945497575,ULTRACEMCO,
UNIONBANK,LICI,0.9324269743785156,UNIONBANK,
UNIONBANK,INDUSINDBK,0.8995714046061105,UNIONBANK,
UNIONBANK,PNB,0.8675421915036741,UNIONBANK,
UNIONBANK,ADANIPOWER,0.8574294941686422,UNIONBANK,
UNIONBANK,BANKBARODA,0.8486356284225491,UNIONBANK,
UNITDSPR,TATASTEEL,0.9937189226085601,UNITDSPR,
UNITDSPR,DMART,0.9875106494954439,UNITDSPR,
UNITDSPR,GRASIM,0.9829534036145173,UNITDSPR,
UNITDSPR,TRENT,0.9812971308113051,UNITDSPR,
UNITDSPR,TATAMOTORS,0.9794835413342216,UNITDSPR,
VBL,RELIANCE,0.9985839360311135,VBL,
VBL,TRENT,0.9944540516319096,VBL,
VBL,ULTRACEMCO,0.9905096185253954,VBL,
VBL,IOC,0.9901394257351381,VBL,
VBL,GRASIM,0.9880511591948086,VBL,
VEDL,NESTLEIND,0.9977687988371539,VEDL,
VEDL,BRITANNIA,0.9933259427464636,VEDL,
VEDL,ITC,0.989626120182847,VEDL,
VEDL,TORNTPHARM,0.9837515279866275,VEDL,
VEDL,TCS,0.9732635196155948,VEDL,
WIPRO,ULTRACEMCO,0.9800647110728375,WIPRO,
WIPRO,SHREECEM,0.97230260174337,WIPRO,
WIPRO,RELIANCE,0.9705370684101783,WIPRO,
WIPRO,ATGL,0.9705031013886916,WIPRO,
WIPRO,GRASIM,0.9665026326738604,WIPRO,
ZOMATO,JSWSTEEL,0.9628074306369384,ZOMATO,
ZOMATO,TRENT,0.9387665879699252,ZOMATO,
ZOMATO,VBL,0.9305655309537999,ZOMATO,
ZOMATO,TATAMOTORS,0.9279907411684158,ZOMATO,
ZOMATO,IOC,0.9246883411159923,ZOMATO,
ZYDUSLIFE,DRREDDY,0.9901729538411226,ZYDUSLIFE,
ZYDUSLIFE,SHREECEM,0.9723072542794493,ZYDUSLIFE,
ZYDUSLIFE,WIPRO,0.9659588802531401,ZYDUSLIFE,
ZYDUSLIFE,ULTRACEMCO,0.9392599739527536,ZYDUSLIFE,
ZYDUSLIFE,RELIANCE,0.896451959269198,ZYDUSLIFE,
